<?xml version="1.0" encoding="UTF-8"?>

<mule xmlns:ee="http://www.mulesoft.org/schema/mule/ee/core"
	xmlns="http://www.mulesoft.org/schema/mule/core" xmlns:doc="http://www.mulesoft.org/schema/mule/documentation"
	xmlns:xsi="http://www.w3.org/2001/XMLSchema-instance"
	xsi:schemaLocation="http://www.mulesoft.org/schema/mule/core http://www.mulesoft.org/schema/mule/core/current/mule.xsd
http://www.mulesoft.org/schema/mule/ee/core http://www.mulesoft.org/schema/mule/ee/core/current/mule-ee.xsd">
	<flow name="post:\delivery:application\json">
        <logger level="INFO" doc:name="Logger" doc:id="a3552867-cc56-42e5-94a5-f50a41e8115c" message="#[payload]" />
		<ee:transform doc:name="DW set input payload" doc:id="fcfee441-43c2-468b-a7d7-7ee31393ada4" >
			<ee:message >
			</ee:message>
			<ee:variables >
				<ee:set-variable resource="dwScripts/incomingPayload.dwl" variableName="inputPayload" />
			</ee:variables>
		</ee:transform>
		<choice doc:name="CHECK IF batchFlag is true" doc:id="250727f9-ebff-4ca7-ab7c-f4c81cff10cf" >
			<when expression="#[vars.inputPayload.batchFlag]">
				<logger level="INFO" doc:name="Logger" doc:id="dcd34d73-f5fe-40ce-b74d-785330e012b4" message="Processing from batch block"/>
			</when>
			<otherwise >
				<logger level="INFO" doc:name="Logger" doc:id="921fe615-3f21-4ab2-aef8-ca052ea9cebd" message="Processing from default block"/>
			</otherwise>
		</choice>
		<ee:transform xmlns:ee="http://www.mulesoft.org/schema/mule/ee/core" xsi:schemaLocation="
http://www.mulesoft.org/schema/mule/mule-apikit http://www.mulesoft.org/schema/mule/mule-apikit/current/mule-apikit.xsd 
http://www.mulesoft.org/schema/mule/http http://www.mulesoft.org/schema/mule/http/current/mule-http.xsd http://www.mulesoft.org/schema/mule/ee/core http://www.mulesoft.org/schema/mule/ee/core/current/mule-ee.xsd" doc:name="DW final response">
            <ee:message>
                <ee:set-payload><![CDATA[%dw 2.0
output application/json
---
{
  statusCode: 201,
  deliveryRequestMessage: "Delivery request posted Successfully."
}]]></ee:set-payload>
            </ee:message>
        </ee:transform>
    </flow>
</mule>
